{"stats":{"minecraft:custom":{"minecraft:jump":204,"minecraft:time_since_rest":40877,"minecraft:crouch_one_cm":231,"minecraft:damage_taken":180,"minecraft:sprint_one_cm":18572,"minecraft:leave_game":3,"minecraft:play_time":40877,"minecraft:walk_on_water_one_cm":88,"minecraft:time_since_death":40877,"minecraft:walk_one_cm":76649,"minecraft:sneak_time":173,"minecraft:climb_one_cm":165,"minecraft:total_world_time":40877,"minecraft:walk_under_water_one_cm":466,"minecraft:fall_one_cm":3023,"minecraft:fly_one_cm":36776},"minecraft:picked_up":{"minecraft:arrow":1}},"DataVersion":2975}