{
  "takesapillage:root": {
    "criteria": {
      "always": "2024-09-30 19:57:09 +0000"
    },
    "done": true
  },
  "vanilla_refresh:biome/dark_forest": {
    "criteria": {
      "requirement": "2024-09-30 19:57:12 +0000"
    },
    "done": true
  },
  "parcool:grant_parcool_guide": {
    "criteria": {
      "tick": "2024-09-30 19:57:09 +0000"
    },
    "done": true
  },
  "minecraft:adventure/adventuring_time": {
    "criteria": {
      "minecraft:dark_forest": "2024-09-30 19:57:09 +0000"
    },
    "done": false
  },
  "DataVersion": 2975
}